name,visitors
Chrome,275587
Safari,103697
Firefox,35090
Microsoft Edge,28916
Mobile App,26451
Samsung Browser,14006
Opera,3829
Huawei Browser Mobile,1231
MIUI Browser,1048
Yandex Browser,484
(not set),310
Seznam Browser,225
Opera Touch,124
DuckDuckGo Privacy Browser,122
Ecosia,98
Opera GX,49
AdBlock Browser,28
CM Browser,22
Edge WebView,18
Openwave Mobile Browser,15
Iron,12
Aloha Browser,11
Mobile Silk,10
Splash,10
Opera Devices,7
vivo Browser,6
QtWebEngine,6
UC Browser,5
Steam In-Game Overlay,5
Pale Moon,4
AOL Desktop,4
Waterfox,4
Internet Explorer,4
Atom,4
Qwant Mobile,3
Maxthon,3
PrivacyWall,3
Whale Browser,3
QQ Browser,3
Chromium,3
Quark,2
Android Browser,2
Basilisk,2
NetFront,2
CoolBrowser,2
SeaMonkey,2
Avast Secure Browser,2
Phoenix Browser,2
Wget,1
Firefox Focus,1
AOL Shield,1
Vivaldi,1
Sogou Explorer,1
Web Explorer,1
Oculus Browser,1
t-online.de Browser,1
Falkon,1
