name,visitors
Bratislava,237509
Trnava,7766
Staré Mesto,7247
Košice,6975
Petržalka,6340
Ivanka pri Dunaji,5363
Prague,5239
Prešov,5055
Nitra,5038
Banská Bystrica,4476
Dunajská Streda,4471
Žilina,4132
Karlova Ves,3808
Senec,3707
Trenčín,3589
Vienna,3544
Nové Mesto,3418
Devínska Nová Ves,3141
Senica,2771
Marianka,2740
Nové Zámky,2686
Dunajská Lužná,2659
Pezinok,2650
Martin,2450
Bratislava - Rača,2150
Topoľčany,2142
Stupava,2135
Galanta,2075
Svätý Jur,2022
Šaľa,2017
Želiezovce,1790
Malacky,1751
Poprad,1714
Jarovce,1539
Šurany,1517
Piešťany,1482
Myjava,1357
Čadca,1353
Čierna nad Tisou,1350
Považská Bystrica,1340
Šamorín,1333
Nové Mesto nad Váhom,1239
Dubnica nad Váhom,1223
Frankfurt am Main,1185
Komárno,1184
Ružomberok,1171
Liptovský Mikuláš,1163
Sládkovičovo,1154
Prievidza,1140
Kyiv,1093
Rožňava,1090
Skalica,1083
Spišská Nová Ves,1078
Bardejov,1030
Budapest,1024
Bánovce nad Bebravou,1023
Levice,1016
Lučenec,966
Kosice,943
Zvolen,918
Holíč,895
Modra,874
Hlohovec,856
Amsterdam,852
Gbely,828
Púchov,809
Sabinov,792
Brezno,788
Dolný Kubín,764
Bernolákovo,757
Štúrovo,724
Sereď,709
London,688
Nová Dubnica,687
Vinosady,675
Hurbanovo,674
Veľký Meder,669
Vlčkovce,660
Žiar nad Hronom,652
Dudince,651
Zlaté Moravce,647
Vrútky,637
Partizánske,631
Veľké Kapušany,630
Paris,622
Kysucké Nové Mesto,557
Leopoldov,553
Vranov nad Topľou,548
Rimavská Sobota,545
Brno,501
Nemšová,495
Detva,488
Námestovo,487
Turzovka,483
Smolenice,479
Krompachy,479
Michalovce,479
Kolárovo,476
Kavečany,462
Čachtice,450
Turčianske Teplice,447
Milan,429
Stará Ľubovňa,421
Krasňany,415
Vráble,405
Ilava,404
Handlová,400
Moscow,398
Humenné,393
Krupina,379
Medzev,368
Strážske,366
Zürich,364
Veľký Krtíš,360
Vrbové,353
Madrid,352
Čierny Balog,351
Tornaľa,347
Hrochoť,345
Revúca,345
Maria Enzersdorf,344
Trebišov,337
Rajec,331
Poltár,326
Nováky,321
Dúbravka,317
Malinovo,316
Stará Turá,312
Levoča,310
Bojnice,305
Žarnovica,302
Tlmače,300
Sliač,284
Liptovský Hrádok,282
Nová Baňa,280
Berlin,272
Warsaw,271
Tvrdošín,269
Dublin,268
Kežmarok,266
Brezová pod Bradlom,264
Moldava nad Bodvou,254
Tatranská Lomnica,254
Sečovce,253
Helsinki,253
Lipany,251
Trenčianske Teplice,250
Toronto,249
Spišská Belá,249
Šahy,249
Svodín,240
Cífer,240
Zagreb,235
Hviezdoslavov,233
Brussels,230
Gelnica,227
Ždiar,226
Bucharest,226
Detva,222
Komárno,215
Lehota pod Vtáčnikom,210
Miloslavov,206
Banská Štiavnica,205
Ljubljana,203
Žilina,201
Bytča,201
Fiľakovo,200
Veľký Lapáš,195
Snina,194
Štrba,193
Chorvátský Grob,190
Tisovec,189
Levél,189
Svätý Anton,186
New York City,185
Hriňová,184
Ostrava,182
Liptovský Trnovec,181
Munich,180
Svidník,180
Dallas,174
Veľké Zálužie,174
Kováčová,171
Svit,171
São Paulo,165
Siladice,163
Saint Petersburg,160
Lutila,155
Slovenský Grob,155
Boleráz,152
Voznica,141
Giraltovce,141
Radošina,139
Lisbon,139
Portland,138
Mosonmagyaróvár,136
Trnava,136
Sobrance,134
Gatchina,134
Skalica,132
Nitrianske Pravno,130
Neded,129
Linz,128
Čenkovce,128
Hruštín,128
Stráža,127
Sofia,125
Kremnica,124
Mechelen,122
Rome,122
Los Angeles,121
Trstená,121
Veľké Čaníkovce,121
Stropkov,120
Newark,120
Veľký Biel,120
Levoča,115
Rovinka,115
Ashburn,113
Oravský Podzámok,112
Olšany,110
Dnipro,109
Suchá nad Parnou,109
Copenhagen,106
Záturčie,106
Olomouc,106
Krušetnica,103
Győr,103
Washington,101
Brdo,101
Rozdrojovice,100
Dvory nad Žitavou,100
Belgrade,100
Kopřivnice,98
Luxembourg,98
Banská Bystrica,96
Belá,96
Smižany,95
Veľké Orvište,95
Jánossomorja,94
Párnica,92
Gabčíkovo,91
Stockholm,91
Athens,90
Vysoká pri Morave,87
Rajecké Teplice,87
Rohožník,85
Michalovce,85
Rho,85
Jelka,85
Santa Clara,84
Terchová,84
Ludanice,84
Vydrany,83
The Hague,82
Dolná Streda,82
Nürnberg,81
Lada,79
Chicago,78
Nižná,78
Dvorníky,78
Kysucký Lieskovec,78
Beluša,78
Medzilaborce,77
Psie Pole - Zawidawie,77
Pečovská Nová Ves,77
Piešťany,76
Vilnius,76
Mechelen,75
Voronezh,75
Moravský Svätý Ján,74
Dojč,73
Senica,73
Horné Saliby,72
Konská,71
Spišské Podhradie,70
Rajka,70
Záhorská Bystrica,70
Pozuelo de Alarcón,69
Pilsen,69
Zlín,69
Biely Kostol,69
Unín,69
Zbehy,69
Palárikovo,68
Oslo,67
Bešeňová,67
Svätý Kríž,67
Istanbul,67
Imeľ,67
Dubai,66
Gräfelfing,66
Bijacovce,64
Vlkanová,64
Ohrady,64
Tvrdošovce,64
Andovce,63
Frankfort,63
Hanoi,63
Praha 3,63
