name,visitors
Slovakia,436292
Czechia,10982
Austria,5412
Germany,3920
United States,2818
Ukraine,2403
Hungary,2230
United Kingdom,2158
France,1627
Netherlands,1457
Italy,1201
Russian Federation,1163
Poland,1121
Switzerland,949
Spain,804
Belgium,726
Canada,502
Romania,499
Ireland,468
Sweden,450
Croatia,380
Greece,377
Turkey,374
Denmark,370
Finland,318
Slovenia,288
Serbia,271
Brazil,268
Portugal,229
Bulgaria,223
India,215
Japan,176
Norway,163
Nigeria,161
Australia,157
Luxembourg,130
China,124
Israel,119
Vietnam,114
Mexico,114
Lithuania,110
United Arab Emirates,108
Malta,95
North Macedonia,92
Egypt,87
Cyprus,77
Argentina,72
Bosnia and Herzegovina,71
Belarus,69
Thailand,69
Georgia,68
Singapore,68
Taiwan,67
Estonia,63
New Zealand,57
Hong Kong,54
Philippines,54
Morocco,52
Colombia,51
Algeria,50
Albania,47
South Africa,40
Tunisia,40
Latvia,40
Indonesia,39
Saudi Arabia,39
Moldova,36
South Korea,35
Montenegro,33
Kazakhstan,31
Côte d'Ivoire,30
Pakistan,23
Armenia,23
Peru,22
Ghana,22
Jordan,20
Benin,19
Sri Lanka,18
Venezuela,17
Iceland,17
Azerbaijan,17
Iraq,16
Kosovo,15
Costa Rica,14
Kenya,14
Uzbekistan,14
Malaysia,14
Chile,12
Kuwait,12
Cambodia,11
Bangladesh,11
Maldives,11
Qatar,9
Cuba,8
Uruguay,8
Ecuador,8
Dominican Republic,8
Lebanon,8
Mauritius,8
Honduras,8
"Palestine, State of",7
Tanzania,7
Panama,7
Uganda,7
Bolivia,7
Oman,7
Nepal,6
Guatemala,5
Bahrain,5
Senegal,5
Monaco,5
Cabo Verde,5
Togo,4
Andorra,4
Zimbabwe,4
Puerto Rico,4
Trinidad and Tobago,4
Libya,4
Mongolia,4
Kyrgyzstan,4
Bahamas,4
Syrian Arab Republic,3
Tajikistan,3
South Sudan,3
Mauritania,3
Isle of Man,3
Afghanistan,2
"Iran, Islamic Republic of",2
El Salvador,2
Jamaica,2
Aruba,2
Liechtenstein,2
Seychelles,2
Cameroon,2
Sudan,2
Gibraltar,2
Réunion,2
Paraguay,2
Somalia,1
Barbados,1
Vanuatu,1
Mali,1
Namibia,1
Bermuda,1
Anguilla,1
Saint Vincent and the Grenadines,1
Niger,1
Belize,1
Guinea-Bissau,1
Antigua and Barbuda,1
