name,visitors,pageviews,bounce_rate,time_on_page
/,116887,283044,53,299.0
/mesto-bratislava/dane-a-poplatky/dan-z-nehnutelnosti,45065,68291,79,522.0
/mesto-bratislava/sprava-mesta/volene-organy/komunalne-volby,33984,45482,83,751.0
/blog/bratislavske-vianoce-startuju-uz-tento-tyzden-otvoria-ich-vianocne-trhy-zaziari-stromcek-a-pripraveny-je-aj-bohaty-kulturny-program,33021,38403,90,603.0
/mesto-bratislava/sprava-mesta/magistrat,25701,45011,26,59.0
/mesto-bratislava/sprava-mesta/magistrat/organizacna-struktura-a-kontakty,21750,36740,58,209.0
/uradne-a-navstevne-hodiny,19511,27523,63,117.0
/mesto-bratislava/dane-a-poplatky,18303,30159,34,60.0
/vyhladavanie,14372,23844,45,58.0
/blog/bratislavske-vianoce-budu-po-dvoch-rokoch-aj-s-oblubenymi-vianocnymi-trhmi,13068,14782,88,367.0
/socialne-sluzby-a-byvanie/byvanie-a-ubytovanie/najomne-byvanie/najomne-byty-mesta,11582,17001,71,230.0
/mesto-bratislava/sprava-mesta/volene-organy/zastupitelstvo,11532,16370,78,276.0
/mesto-bratislava/sprava-mesta,10017,17593,35,21.0
/zivotne-prostredie-a-vystavba/rozvoj-mesta/uzemnoplanovacie-dokumenty/platna-uzemnoplanovacia-dokumentacia/uzemny-plan-mesta-a-jeho-zmeny-a-doplnky,9914,17438,62,241.0
/mesto-bratislava/dane-a-poplatky/poplatok-za-komunalne-odpady-a-drobne-stavebne-odpady,9856,15115,72,308.0
/blog/prve-udaje-zo-scitania-obyvatelov-bratislavy-vykazuju-zasadny-rozdiel-medzi-evidenciou-obce-a-vysledkom-statistov,9536,10693,91,848.0
/mesto-bratislava/sprava-mesta/volene-organy/primator,7917,11464,73,81.0
/bratislava-pre-ukrajinu,6366,11104,39,59.0
/mesto-bratislava/dane-a-poplatky/dan-z-nehnutelnosti/digitalna-platba,6232,20910,46,972.0
/zivotne-prostredie-a-vystavba/zivotne-prostredie/odpady/triedeny-zber/zber-kuchynskeho-bioodpadu,6083,7269,90,532.0
/mesto-bratislava/sprava-mesta/mestske-casti,5731,6986,84,203.0
/bratislava-pre-ukrajinu/asistencne-centrum-bottova,5461,7774,68,181.0
/mesto-bratislava/sprava-mesta/volene-organy,5236,9355,23,10.0
/blog/europsky-tyzden-mobility-v-bratislave,5234,6220,81,433.0
/socialne-sluzby-a-byvanie/byvanie-a-ubytovanie/najomne-byvanie,4962,13487,17,23.0
/zivotne-prostredie-a-vystavba/zivotne-prostredie/odpady,4867,8626,44,64.0
/doprava-a-mapy/doprava/dopravne-povolenia,4766,10031,72,358.0
/mesto-bratislava/transparentne-mesto/uradna-tabula,4684,8052,69,231.0
/kultura-a-komunity/podujatia,4670,6221,72,116.0
/mesto-bratislava/transparentne-mesto,4609,9276,29,24.0
/en,4496,6411,67,63.0
/братислава-для-украiни,4314,7568,54,60.0
/zivotne-prostredie-a-vystavba/zivotne-prostredie/odpady/triedeny-zber,4174,5787,77,118.0
/братислава-для-украiни/центр-допомоги-боттова,4154,5799,72,212.0
/mesto-bratislava/transparentne-mesto/aktuality,4086,6255,65,66.0
/doprava-a-mapy/parkovanie/system-regulovaneho-parkovania-paas,3782,4523,82,201.0
/blog/danove-priznanie-k-dani-z-nehnutelnosti-je-potrebne-podat-do-konca-januara,3631,4333,80,291.0
/doprava-a-mapy/parkovanie,3599,5398,39,33.0
/socialne-sluzby-a-byvanie/socialne-zariadenia/zariadenia-pre-seniorov-zariadenia-opatrovatelskej-sluzby-a-denny-stacionar,3569,5099,78,423.0
/zivotne-prostredie-a-vystavba/verejne-osvetlenie,3551,4931,68,131.0
/zivotne-prostredie-a-vystavba/zivotne-prostredie/odpady/zmesovy-odpad,3517,4252,83,145.0
/doprava-a-mapy/doprava,3448,5418,55,44.0
/blog/bratislava-ma-svoje-prve-centrum-opaetovneho-pouzitia-veci-kolo,3233,3731,91,493.0
/mesto-bratislava/sprava-mesta/organizacie-mesta,3154,6677,42,20.0
/blog/bratislavsky-parkovaci-asistent-paas,3133,3972,69,145.0
/doprava-a-mapy/sprava-a-udrzba-komunikacii,3018,4969,56,111.0
/mesto-bratislava/sprava-mesta/vizualna-identita/symboly-mesta,3014,3760,82,584.0
/blog/bratislava-otvara-kochovu-zahradu-verejnosti,2827,3336,87,395.0
/kultura-a-komunity/podujatia/mestske-podujatia,2769,3118,83,111.0
/kultura-a-komunity/kulturne-sluzby/nadacia-mesta-bratislavy,2740,3797,66,199.0
/zivotne-prostredie-a-vystavba/rozvoj-mesta/usmernovanie-vystavby,2536,4758,46,64.0
/zivotne-prostredie-a-vystavba/zivotne-prostredie,2533,4186,31,31.0
/mesto-bratislava/dane-a-poplatky/dan-za-ubytovanie,2507,3220,81,247.0
/zivotne-prostredie-a-vystavba/rozvoj-mesta,2451,4336,28,25.0
/zivotne-prostredie-a-vystavba/rozvoj-mesta/uzemnoplanovacie-dokumenty,2446,4804,34,28.0
/doprava-a-mapy/sprava-a-udrzba-komunikacii/rozkopavky-a-uzavery,2424,3653,69,75.0
/mesto-bratislava/sprava-mesta/magistrat/riaditel-magistratu,2424,2914,64,52.0
/mesto-bratislava/archiv-mesta-bratislavy,2306,4191,37,65.0
/blog/danove-priznanie-k-dani-z-nehnutelnosti-mozno-podavat-do-konca-januara-aj-osobne,2303,2747,68,179.0
/mesto-bratislava/projekty,2300,4373,42,29.0
/vzdelavanie-a-volny-cas/skolstvo/mapa-skolskych-obvodov,2275,4418,17,51.0
/blog/paas-prichadza-aj-do-centra-mesta-rozsiruje-sa-o-zonu-hlavna-stanica-blumental,2225,2834,77,256.0
/mesto-bratislava/sprava-mesta/legislativa-mesta/vseobecne-zavazne-nariadenia,2213,3690,64,226.0
/mesto-bratislava/transparentne-mesto/rozpocet-a-hospodarenie,2140,3510,70,204.0
/doprava-a-mapy/mapy,2122,3262,62,98.0
/socialne-sluzby-a-byvanie/byvanie-a-ubytovanie,2110,3647,36,31.0
/vzdelavanie-a-volny-cas/skolstvo/zakladne-umelecke-skoly,2105,3072,79,480.0
/zivotne-prostredie-a-vystavba/rozvoj-mesta/usmernovanie-vystavby/zavazne-stanovisko-k-investicnej-cinnosti,2080,3329,79,289.0
/doprava-a-mapy/parkovanie/odtah-vozidiel,2078,2530,88,260.0
/vzdelavanie-a-volny-cas/skolstvo/mapa-skolskych-obvodov/zakladne-skoly,2037,3114,71,204.0
/doprava-a-mapy/doprava/dopravne-projekty/rozsirenie-harmincovej-ulice,1998,2315,90,373.0
/vzdelavanie-a-volny-cas/dotacie/podprogram-1,1991,3006,69,147.0
/blog/bratislava-rozsiruje-siet-zachytnych-parkovisk,1956,2249,90,789.0
/socialne-sluzby-a-byvanie/byvanie-a-ubytovanie/najomne-byvanie/nahradne-najomne-byvanie,1920,2453,70,122.0
/zivotne-prostredie-a-vystavba/rozvoj-mesta/platna-uzemnoplanovacia-dokumentacia/uzemny-plan-mesta-a-jeho-zmeny-a-doplnky/zmeny-a-doplnky-07,1893,2768,63,265.0
/konto,1878,4508,42,455.0
/mesto-bratislava/sprava-mesta/legislativa-mesta,1878,3850,44,64.0
/mesto-bratislava/transparentne-mesto/vyberove-konania,1862,2731,62,121.0
/mesto-bratislava/transparentne-mesto/majetok-mesta,1844,4102,31,51.0
/doprava-a-mapy/mapy/technicka-mapa-mesta,1829,2483,73,139.0
/zivotne-prostredie-a-vystavba/zivotne-prostredie/odpady/triedeny-zber/zber-a-odvoz-vytriedeneho-odpadu-z-rodinnych-domov,1826,2296,74,162.0
/socialne-sluzby-a-byvanie/byvanie-a-ubytovanie/mestske-ubytovne,1814,2369,74,215.0
/vzdelavanie-a-volny-cas/skolstvo/centra-volneho-casu,1741,2573,61,66.0
/mesto-bratislava/transparentne-mesto/majetok-mesta/prenajom-priestorov,1675,2189,77,140.0
/doprava-a-mapy/parkovanie/mikrozona-stare-mesto,1673,1853,86,87.0
/blog/vysledky-komunalnych-volieb,1665,1901,89,241.0
/socialne-sluzby-a-byvanie/byvanie-a-ubytovanie/najomne-byvanie/dom-mladej-rodiny,1640,2270,71,132.0
/mesto-bratislava/transparentne-mesto/odmenovanie,1621,1907,85,183.0
/zivotne-prostredie-a-vystavba/rozvoj-mesta/uzemnoplanovacie-dokumenty/platna-uzemnoplanovacia-dokumentacia/uzemne-plany-zon,1599,2436,46,123.0
/rychle-zasahy,1593,2061,81,258.0
/zivotne-prostredie-a-vystavba/zivotne-prostredie/ochrana-ovzdusia/povolenie-vykurovania,1585,2234,80,338.0
/blog/spustame-registracie-do-systemu-regulovaneho-parkovania-paas,1538,1735,89,593.0
/vzdelavanie-a-volny-cas/dotacie,1524,3255,30,50.0
/informacie-a-odporucania-k-ochoreniu-covid-19,1491,1744,91,226.0
/zivotne-prostredie-a-vystavba/rozvoj-mesta/uzemnoplanovacie-dokumenty/platna-uzemnoplanovacia-dokumentacia,1481,2704,48,16.0
/doprava-a-mapy/doprava/dopravne-projekty/nova-elektrickova-trat-pribinova-kosicka,1471,1702,86,248.0
/mesto-bratislava/dane-a-poplatky/dan-za-uzivanie-verejneho-priestranstva,1451,2000,74,182.0
/zivotne-prostredie-a-vystavba/zelen/udrzba-a-tvorba-zelene,1449,2740,38,41.0
/mesto-bratislava/sprava-mesta/organizacie-mesta/obchodne-spolocnosti-mesta/metro,1440,1913,79,322.0
/mesto-bratislava/transparentne-mesto/zmluvy-faktury-objednavky,1430,2213,77,270.0
