name,visitors
Bratislavský kraj,295528
Trnavský kraj,32744
Nitriansky kraj,24505
Žilinský kraj,18567
Trenčiansky kraj,17597
Košický kraj,16469
Banskobystrický kraj,15738
Prešovský kraj,14324
Prague,5527
Vienna,3607
England,1860
Hesse,1486
South Moravia,1347
Kyiv,1150
Budapest,1024
North Holland,912
Lower Austria,875
Central Bohemia,843
Île-de-France,795
Győr-Moson-Sopron,650
Moravia-Silesia,646
Bavaria,635
Lombardy,600
Zürich,490
Community of Madrid,465
Olomouc,464
North Rhine-Westphalia,460
Mazovia,426
Moskva,420
California,419
Leinster,406
Zlín,381
Hradec Králové,335
Ontario,310
Brussels-Capital Region,307
Baden-Württemberg,303
Nyland,285
Flemish Region,282
Upper Austria,281
Pardubice,280
Berlin,275
Capital Region of Denmark,267
Texas,262
Zagreb City,257
New York,246
Attica,241
South Bohemia,238
București,227
South Holland,224
Ústí nad Labem,224
Ljubljana,204
Vysočina,191
São Paulo,189
Leningradskaja oblast',189
Pest,186
Sankt-Peterburg,184
Oregon,179
Plzeň,176
Virginia,172
Lazio,169
New Jersey,167
Dnipropetrovska oblast,160
Lisboa,159
Burgenland,156
Stockholms län,154
İstanbul,151
Liberec,150
Lower Silesia,137
Sofia (stolitsa),129
Illinois,129
Lesser Poland,128
Zakarpatska oblast,122
Silesia,121
Styria,117
Lower Saxony,115
Carinthia,112
Vaud,110
Luxembourg,108
Rhineland-Palatinate,103
Saxony,101
District of Columbia,101
Scotland,100
Lagos,100
Florida,94
Kyivska oblast,94
Catalonia,89
Salzburg,85
Washington,82
Quebec,81
Odeska oblast,81
Tyrol,80
Vilnius County,80
New South Wales,79
Oslo,79
Hamburg,79
Bács-Kiskun,77
Tokyo,76
Voronezhskaya oblast',76
Bern,75
Dubayy,74
Skåne län,74
Lvivska oblast,74
Kentucky,70
Hà Nội,69
Karlovy Vary,69
Vojvodina,65
Brandenburg,64
Greater Poland,64
Nevada,64
British Columbia,64
Ivano-Frankivska oblast,64
Bretagne,63
Ciudad de México,62
Pomerania,62
Emilia-Romagna,61
Moskovskaja oblast',60
Utrecht,57
Tbilisi,57
Central,56
Walloon Region,54
Kharkivska oblast,53
Hauts-de-France,53
Federation of Bosnia and Herzegovina,52
Harjumaa,52
Veneto,52
Ankara,51
Wales,51
Łódź,51
Georgia,50
Piedmont,50
Valencian Community,50
Mahārāshtra,49
Central Macedonia,49
Campania,49
Poltavska oblast,48
Pennsylvania,48
Vorarlberg,48
North Brabant,47
Grand-Est,47
Andalusia,47
Auckland,46
Aargau,44
Schleswig-Holstein,44
Nicosia,43
Västra Götalands län,43
Delhi,42
Auvergne-Rhône-Alpes,42
Iowa,41
Khmelnytska oblast,40
Krung Thep Maha Nakhon,40
Nouvelle-Aquitaine,40
City of Minsk,38
Provence-Alpes-Côte-d’Azur,38
Giza,38
Central Denmark Region,37
North Carolina,37
Munster,37
Tuscany,37
Beograd,37
Chernihivska oblast,36
Massachusetts,36
Overijssel,36
Ohio,35
Cairo,35
Tel Aviv,35
Zaporizka oblast,35
Vinnytska oblast,35
Porto,35
Groningen,35
Viken,34
Colorado,33
Ciudad Autónoma de Buenos Aires,33
Zala,33
Zhytomyrska oblast,33
Östergötlands län,32
Tiranë,32
Saxony-Anhalt,31
Bihor,31
Cherkaska oblast,31
Northern Ireland,31
Distrito Capital de Bogotá,31
Saarland,31
Rivers,31
National Capital Region,30
Maryland,30
Lublin,30
North Denmark Region,30
Queensland,29
Alberta,29
Limburg,29
Çanakkale,29
Podgorica,28
Tunis,28
Borsod-Abaúj-Zemplén,28
Sicilia,28
Ticino,28
South Carolina,27
Minnesota,27
Antalya,27
Karnātaka,27
Veszprém,26
İzmir,26
Chișinău,26
Luzern,26
Komárom-Esztergom,26
Csongrád,25
Flevoland,25
Split-Dalmatia,25
Beijing Shi,25
Fejér,25
Centre-Val de Loire,25
Rīga,25
Sumska oblast,25
Kirovohradska oblast,24
Sankt Gallen,24
Ar Riyāḑ,24
Victoria,24
Nizhegorodskaya oblast',24
Abū Z̧aby,23
Subcarpathia,23
Constanța,23
Missouri,22
Central and Western Hong Kong Island,22
Birkirkara,22
Chernivetska oblast,22
Genève,22
Timiș,22
Norrbottens län,22
Mecklenburg-Western Pomerania,22
Basque Country,22
Canary Islands,22
Cluj,21
Michigan,21
Bourgogne-Franche-Comté,21
Iași,21
Istria,20
Gauteng,20
Galicia,20
Jakarta Raya,20
Thuringia,20
Buenos Aires,20
Seoul,20
Zug,19
Marsa,19
Basel-Stadt,19
Almaty,19
Occitanie,19
Plovdiv,19
Ilfov,19
Castile and León,19
Republika Srpska,18
Balearic Islands,18
Osaka,18
Hajdú-Bihar,18
Rabat-Salé-Kénitra,18
Vas,18
Trentino-Alto Adige,18
Kuyavia-Pomerania,18
Rio de Janeiro,18
Region Zealand,17
Indiana,17
Zhejiang Sheng,17
Region of Southern Denmark,17
Yerevan,17
Maribor,17
Mykolaivska oblast,16
Gelderland,16
Friuli Venezia Giulia,16
Connaught,16
Hồ Chí Minh,16
Greater Accra,16
Szabolcs-Szatmár-Bereg,16
Abidjan,16
Rivnenska oblast,16
Al ‘A̅şimah,16
Western Australia,15
Normandie,15
Värmlands län,15
Limassol,15
Ternopilska oblast,15
Wyoming,15
Vestland,15
Höfuðborgarsvæði,15
Arizona,15
Volynska oblast,15
Kaunas County,15
Haifa,14
Telangāna,14
Casablanca-Settat,14
Baranya,14
Pays-de-la-Loire,14
Burgas,13
Primorje-Gorski Kotar,13
Alger,13
Heves,13
Thessaly,13
Rio Grande do Sul,13
Region of Murcia,13
Békés,13
Apulia,13
