name,visitors,bounce_rate,visit_duration
Google,351863,70,100
Direct / None,100848,57,299
Facebook,18431,76,61
Bing,9014,54,157
172.25.63.2,5557,88,152
Instagram,1186,68,46
petrzalka.sk,1170,46,164
Seznam,1139,53,100
DuckDuckGo,1025,64,97
LinkedIn,663,68,85
dnes24.sk,658,35,15
Yandex,503,82,28
teamba.sk,495,72,103
banm.sk,479,72,134
zoznam.sk,465,69,120
olo.sk,430,69,76
paas.sk,382,72,78
vajnory.sk,381,80,86
dubravka.sk,363,71,115
Yahoo!,315,66,134
raca.sk,266,66,151
Ecosia,262,62,79
ebama.sk,237,94,12
bkis.sk,205,73,112
zahorskabystrica.sk,202,65,152
bratislava.dnes24.sk,201,37,12
skyscrapercity.com,198,75,56
petrzalskaelektricka.sk,188,67,139
ruzinov.sk,188,43,157
starz.sk,187,88,26
Gmail,185,70,295
zive.aktuality.sk,173,47,81
en.wikipedia.org,171,56,51
yimba.sk,160,85,120
zszelba.edupage.org,137,69,109
staremesto.sk,133,71,96
old2.bratislava.sk,127,47,231
mib.sk,125,46,244
Twitter,125,67,144
zivaspomienka.sk,123,81,24
volby.petrzalka.sk,122,83,55
en.m.wikipedia.org,120,63,70
de.wikipedia.org,119,32,113
vrakuna.sk,115,69,163
konto.bratislava.sk,112,50,532
vodici.dpb.sk,109,58,41
sk.wikipedia.org,105,49,146
paneurouni.com,101,89,5
geoportal.bratislava.sk,100,66,128
bratislava-travel.sk,96,48,81
sk.m.wikipedia.org,93,66,67
komunalnypodnikbratislavy.sk,93,78,142
devinskanovaves.sk,91,63,168
spravy.pravda.sk,91,48,112
esluzby.bratislava.sk,89,74,133
karlovaves.sk,83,33,240
panorama.sk,82,73,51
imhd.sk,80,80,82
portal.bratislava.sk,79,89,79
cvicko.sk,76,82,81
inovacie.bratislava.sk,76,59,123
de.m.wikipedia.org,70,51,125
bukovcana.sk,69,55,37
startpage.com,66,76,33
odkazprestarostu.sk,64,73,106
mail.centrum.sk,61,55,636
forms.office.com,60,79,106
intranet.bratislava.sk,58,51,376
dtv.sk,58,51,134
herrys.sk,58,85,55
mapy.cz,57,68,32
biskupice.sk,56,28,201
cs.wikipedia.org,54,41,153
webnoviny.sk,53,20,226
statics.teams.cdn.office.net,52,71,130
zelena-strecha.sk,52,86,29
cs.m.wikipedia.org,50,51,47
modrykonik.sk,47,49,93
djsarchitecture.sk,44,78,207
growni.sk,43,62,118
bratislavskenoviny.sk,42,71,60
arven.estate,41,80,68
blog.sme.sk,41,93,36
zus-exnarova.sk,41,86,57
bratislava-rusovce.sk,40,32,143
dennikn.sk,39,64,121
msp.bratislava.sk,38,71,39
zusvrbenskeho.eu,38,74,58
t-mail.centrum.sk,38,33,262
ats.nalgoo.com,37,67,196
Seznam Mail,35,69,105
ba-cam-canex.sk,35,82,18
l.messenger.com,34,78,146
dpb.sk,34,67,78
donau.com,33,71,13
ikr.sk,32,75,12
ru.wikipedia.org,31,35,120
Google News,31,75,56
devin.sk,31,65,93
nadaciamestabratislavy.egrant.sk,30,65,62
vlaky.net,30,90,12
inba.sk,29,58,85
odpady-portal.sk,29,60,222
ru.m.wikipedia.org,28,41,94
krtkovanie-bratislava.sk,28,73,6
mobil.citylife.sk,27,60,20
citylife.sk,26,38,75
postoj.sk,26,85,34
platforma.slovensko.digital,26,38,141
sita.sk,26,46,125
link.azet.sk,25,61,225
domovjesenezivota.eu,23,57,84
cunovo.eu,23,12,106
karta.bratislava.sk,23,59,30
172.25.0.191,23,92,739
visitbratislava.com,23,61,129
slovnaftbajk.sk,22,57,69
ja.wikipedia.org,22,41,160
it.wikipedia.org,22,45,114
magistratba.sharepoint.com,21,52,471
it.m.wikipedia.org,20,76,39
zuspetrzalka.sk,20,50,191
lovcikomarov.sk,19,79,42
tripadvisor.co.uk,19,43,129
obecrovinka.sk,19,26,29
zoobratislava.sk,19,47,76
cyklokoalicia.sk,19,84,171
nepela-arena.eu,19,90,16
mapotic.com,18,85,95
upcmail.upc.sk,18,37,2393
tripadvisor.com,17,78,21
fr.wikipedia.org,17,59,89
opendata.bratislava.sk,17,76,17
olympic.sk,17,65,80
tsb.sk,17,88,38
Qwant,16,33,773
kamery.bratislava.sk,16,94,15
sl.wikipedia.org,16,62,9
marianum.sk,16,62,65
newdesign.sk,15,87,6
bratislavavoorbeginners.nl,15,44,35
oh2022.canoe.sk,15,73,31
linktr.ee,15,40,87
preprava-osob.eu,15,93,0
mslinzbothova.edupage.org,15,60,32
es.m.wikipedia.org,14,60,91
nl.m.wikipedia.org,14,67,39
srdcovky.nadaciavub.sk,14,69,120
xbssportacademy.sk,14,86,2
fr.m.wikipedia.org,14,57,154
staratrznica.sk,14,57,48
sr.m.wikipedia.org,14,79,53
integra.sk,14,57,55
hlukovamapa.sk,14,43,82
badatel.net,14,93,22
bratislava-city.pano3d.eu,13,100,0
pl.wikipedia.org,13,15,156
poshukach.com,13,54,82
bratislavskisusedia.sk,13,77,344
musicexport.sk,13,100,0
monikadebnarova.sk,13,53,145
hu.wikipedia.org,13,23,243
search.brave.com,13,54,266
gerium.sk,12,33,53
mepasys.sk,12,83,35
dp.kev.sk,12,57,84
krizovecentrumba.sk,12,33,426
tr.wikipedia.org,11,36,61
naturpack.sk,11,69,365
nadacia.kooperativa.sk,11,91,24
survey123.arcgis.com,11,58,129
santegidio.sk,11,100,0
uk.m.wikipedia.org,10,18,125
pmail.centrum.sk,10,42,245
Youtube,10,50,331
vsmu.sk,10,60,48
bratislavaden.sk,10,70,34
confluence.in.here.com,10,14,575
e-obce.sk,10,0,498
arena-bratislava.eu,10,70,13
amail.centrum.sk,10,50,225
web.telegram.org,10,80,273
me-qr.com,10,80,2
janpinka.sk,10,75,42
bystrica.dnes24.sk,10,60,1
bratislava.zoznam.sk,10,50,65
ja.m.wikipedia.org,9,56,189
es.wikipedia.org,9,56,63
post.sme.sk,9,70,107
search-dre.dt.dbankcloud.com,9,64,80
sbdbaii.sk,9,89,3
dsarcha.bratislava.sk,9,11,34
nt.sk,9,89,61
lamac.sk,9,80,5
bratislava.egrant.sk,9,44,2346
startitup.sk,9,67,77
uniba.sk,9,70,29
umapa.eu,9,80,50
zssokolikova.edupage.org,9,78,6
zilina.dnes24.sk,9,0,11
misokalinak01.blog.pravda.sk,9,67,67
pl.m.wikipedia.org,8,50,18
app.freelo.io,8,75,98
novacvernovka.eu,8,88,8
uk.wikipedia.org,8,50,566
christmasmarketsineurope.com,8,12,122
ka.m.wikipedia.org,8,44,46
chem.sk,8,88,2
el.wikipedia.org,8,25,46
tlacovespravy.sme.sk,8,75,121
birdz.sk,8,80,11
city-account-next.staging.bratislava.sk,8,40,330
bratislavskykraj.sk,7,71,196
slovakiagarant.com,7,0,37
hu.m.wikipedia.org,7,29,123
grossling.sk,7,43,20
obchodnaulica.sk,7,57,17
lavasoft.gosearchresults.com,7,57,78
nl.wikipedia.org,7,43,31
zusistrijska.bratislava.sk,7,29,4
bratislava.github.io,7,86,10
Reddit,7,100,0
rozcestnik.skpbratislava.sk,7,100,0
aktuality.sk,7,100,0
student.fpvucm.sk,7,100,0
et.wikipedia.org,7,29,51
culturenet.cz,7,71,15
search.centrum.cz,6,50,35
search1.me,6,83,16
istavebnictvo.sk,6,100,0
petrzalskydomseniorov.eu,6,33,32
tr.m.wikipedia.org,6,57,112
pt.m.wikipedia.org,6,50,106
zus-exnarova.eu,6,75,23
topdoktor.sk,6,100,0
127.0.0.1,6,38,166
de.mapy.cz,6,33,6
presearch.com,6,100,0
telocvikari.sk,6,67,148
chutzit.sk,6,67,45
hrl.sk,6,12,163
mail.centrum.cz,6,86,161
sk.mapy.cz,6,83,3
conferences-scientific.cz,6,83,6
t-pmail.centrum.sk,6,0,305
sv.wikipedia.org,5,20,39
moletka-sylverro.sk,5,80,3
mail.azet.sk,5,80,159
fcpetrzalka.sk,5,50,80
regiony.zoznam.sk,5,80,2
dunco.sk,5,100,0
yandex.fr,5,20,192
muop.bratislava.sk,5,80,29
fr.petalsearch.com,5,83,33
he.wikipedia.org,5,60,352
chartadiverzity.sk,5,80,133
Mail.ru,5,100,0
no.m.wikipedia.org,5,80,2
vipapartments.eu,5,60,26
zh.m.wikipedia.org,5,100,0
cunovo.profeee.sk,5,0,84
smartcity-atelier.eu,5,60,20
gib.bratislava.sk,5,17,82
pomahamekulture.sk,5,100,0
cenydosky.sk,5,100,0
buenosdiaseslovaquia.sk,5,60,24
slovakfashioncouncil.sk,5,80,13
komisarprezdravotnepostihnutych.sk,5,80,2
mayorsofeurope.eu,5,0,146
serviajero.blogspot.com,5,60,3
gmb.sk,5,80,35
app.wibo.ai,5,100,0
manage.kmail-lists.com,5,80,206
el.m.wikipedia.org,5,17,174
pretlak.com,5,57,55
refresher.sk,5,40,183
umeniemesta.sk,5,60,10
redmine.kennersoft.de,5,50,303
zenyvmeste.sk,5,100,0
pravda.sk,4,25,453
zh.wikipedia.org,4,75,1
kalendarakcii.bratislava.sk,4,50,21
neeva.com,4,75,27
34travel.me,4,75,58
brno.cz,4,40,143
cdn-api.bratislava.sk,4,75,36
starlib.sk,4,100,0
zavodisko.sk,4,100,0
go-go.tech,4,80,6
hr.wikipedia.org,4,75,230
setuptype.com,4,75,96
energy-cities.eu,4,75,12
portslovakia.com,4,100,0
slovak-press-photo.sk,4,100,0
klubgerlach.sk,4,100,0
tryrating.com,4,75,22
debata.pravda.sk,4,75,6
miniature.io,4,100,0
goodday.work,4,100,0
autodesk.lightning.force.com,4,100,0
