name,visitors
Chrome,29268
Safari,9442
Firefox,3949
Microsoft Edge,3732
Mobile App,2411
Samsung Browser,1147
Opera,409
Huawei Browser Mobile,136
MIUI Browser,104
(not set),40
Yandex Browser,26
Seznam Browser,26
DuckDuckGo Privacy Browser,23
Opera Touch,12
Ecosia,9
Opera GX,6
CM Browser,2
Opera Devices,2
PrivacyWall,2
Atom,2
UC Browser,2
QQ Browser,1
Aloha Browser,1
Pale Moon,1
AdBlock Browser,1
Splash,1
SeaMonkey,1
Iron,1
Whale Browser,1
Internet Explorer,1
Openwave Mobile Browser,1
