name,visitors
Bratislava,24350
Trnava,1143
Nitra,976
Bratislava - Rača,971
Banská Bystrica,926
Košice,723
Prague,541
Martin,457
Prešov,404
Vienna,396
Senec,390
Žilina,338
Pezinok,314
Trenčín,311
Sereď,246
Komárno,238
Brezno,213
Nové Zámky,205
Bernolákovo,200
Piešťany,169
Topoľčany,160
Ružomberok,153
Poprad,146
Bánovce nad Bebravou,144
Stupava,129
Boleráz,128
Šaľa,127
Senica,126
Zvolen,120
Dunajská Streda,118
Budapest,112
Šamorín,112
Partizánske,109
Malacky,107
Malinovo,106
Považská Bystrica,106
Galanta,104
Brno,96
Dubnica nad Váhom,91
Bardejov,90
Nitrianske Pravno,89
Vlčkovce,86
Bojnice,86
Nové Mesto nad Váhom,83
Sládkovičovo,83
Ivanka pri Dunaji,82
Spišská Nová Ves,79
Michalovce,79
Kyiv,78
London,78
Paris,77
Dunajská Lužná,75
Kežmarok,75
Veľký Biel,75
Miloslavov,74
Ludanice,73
Svätý Jur,71
Liptovský Mikuláš,71
Rimavská Sobota,70
Sabinov,69
Frankfurt am Main,67
Levice,67
Humenné,67
Holíč,65
Lada,65
Neded,64
Lučenec,63
Hlohovec,62
Myjava,61
Skalica,60
Zlaté Moravce,59
Levoča,58
Veľké Čaníkovce,54
Vydrany,52
Rajecké Teplice,49
Žiar nad Hronom,48
Stará Ľubovňa,47
Marianka,46
Námestovo,46
Modra,45
Warsaw,44
Rovinka,42
Chorvátský Grob,42
Dúbravka,41
Veľké Zálužie,39
Jelka,38
Brdo,38
Berlin,37
Hviezdoslavov,37
Varín,37
Moravský Svätý Ján,36
Ashburn,36
Amsterdam,36
Kopřivnice,36
Tvrdošín,36
Ostrava,35
Helsinki,35
Prievidza,34
Kysucký Lieskovec,34
Pečovská Nová Ves,34
Oravská Polhora,33
Unín,32
Slovenský Grob,32
Most pri Bratislave,32
Opoj,32
Hnilčík,32
Zbehy,31
Púchov,31
Nová Dubnica,31
Vrútky,30
Mosonmagyaróvár,30
Rajec,29
Štúrovo,29
Turčianske Teplice,29
Ljubljana,28
Ohrady,28
Komjatice,27
Horná Potôň,27
Milan,27
Veľký Krtíš,27
Horné Saliby,27
Veľká Lomnica,27
Hamuliakovo,27
Bytča,27
Kysucké Nové Mesto,27
Rišňovce,27
Iža,26
Beluša,26
Zürich,26
Dolný Kubín,26
Čadca,26
Veľké Orvište,25
Brussels,25
Clonee,25
Čenkovce,24
Suchá nad Parnou,24
Čechynce,24
Zagreb,23
Liptovský Hrádok,23
Rožňava,23
Vrbové,23
Hul,23
Krupina,23
Sobrance,23
Krásno nad Kysucou,23
Palárikovo,22
Stará Turá,22
Detva,22
Višňové,22
Bošany,22
Lozorno,22
Dvorníky,22
Tvrdošovce,22
Olomouc,21
Munich,21
Hruštín,21
Dolný Hričov,21
Bucharest,21
Dnipro,20
Veľké Leváre,20
Veľký Lapáš,20
Dolný Štál,20
Červenica,20
Hriňová,20
Zuberec,20
Breza,20
Trenčianske Jastrabie,19
Gbely,19
Port Harcourt,19
Belá,19
Slovenská Ľupča,19
Handlová,19
Athens,19
Biely Kostol,18
Brezová pod Bradlom,18
Nižná,18
Istanbul,18
Smižany,18
Dvory nad Žitavou,18
Vráble,18
Kremnica,17
Kostolište,17
Poniky,17
Vidiná,17
Valaliky,17
Veľké Úľany,17
Mojmírovce,17
Borský Mikuláš,17
Moscow,16
Sučany,16
Skalité,16
Gbelce,16
Belgrade,16
Banská Štiavnica,16
Pilsen,16
Hnúšťa,16
Tovarníky,15
Fiľakovo,15
Hurbanovo,15
Hrubý Šúr,15
Zavar,15
Raková,15
Jelenec,15
Dolný Bar,15
Boardman,15
Ilava,15
Trebišov,15
Luleå,15
Veľký Kýr,15
Gabčíkovo,15
Jánossomorja,14
Cífer,14
Zlín,14
Pastovce,14
Plaveč,14
Trstená,14
Žarnovica,14
Dolná Streda,14
České Budějovice,14
Podbrezová,14
Sekule,14
Rajka,14
Snina,14
Sydney,14
Lisková,14
Vinica,14
Závadka nad Hronom,13
Košúty,13
Svederník,13
Dubník,13
Dolné Srnie,13
Zohor,13
New York City,13
Chicago,13
Likavka,13
Lužianky,13
Ľubotice,13
Stockholm,12
Kočovce,12
Hiadeľ,12
Vlkanová,12
Zákamenné,12
Dublin,12
Špačince,12
Altoona,12
Újrónafő,12
Zálesie,12
Nesvady,12
Spišské Bystré,11
Imeľ,11
Janíky,11
Kolárovo,11
Malženice,11
Solčany,11
Tvrdomestice,11
Šurany,11
Dolný Ohaj,11
Kittsee,11
Krušovce,11
Vranov nad Topľou,11
Jahodná,10
The Hague,10
Pardubice,10
Köln,10
Zemianska Olča,10
Nové Sady,10
Odessa,10
Cabaj-Čápor,10
Saint Petersburg,10
Kraków,10
Lipany,10
Petržalka,10
Zeleneč,10
Dobrohošť,10
Dechtice,10
Báhoň,10
Manchester,10
Zvolenská Slatina,10
Vilnius,10
Lisbon,10
Rajhradice,10
Sofia,10
Madrid,10
Budmerice,10
Kostolné Kračany,9
Dolné Sľažany,9
Smolinské,9
Salzburg,9
Šelpice,9
Sliač,9
Vyšné Raslavice,9
Topoľčianky,9
Šaštín-Stráže,9
Veľké Rovné,9
Vavrečka,9
Groningen,9
Cairo,9
Trenčianska Turná,9
Hrubá Borša,9
Bruckneudorf,9
