name,visitors
Slovakia,45286
Czechia,1231
Austria,581
United States,412
Germany,396
Ukraine,299
Hungary,251
France,243
United Kingdom,243
Netherlands,147
Poland,147
Italy,135
Switzerland,96
Belgium,91
Sweden,88
Russian Federation,70
Spain,67
Romania,50
Ireland,44
Finland,44
Slovenia,42
Turkey,41
India,34
Canada,33
Greece,33
Nigeria,32
Croatia,31
Serbia,31
Portugal,26
Australia,25
Japan,24
Bulgaria,24
Norway,21
Denmark,21
Lithuania,19
Argentina,16
Colombia,14
Brazil,14
Egypt,14
Thailand,13
Taiwan,12
Belarus,12
Israel,12
Malta,11
Vietnam,11
Luxembourg,11
Mexico,10
Hong Kong,10
Georgia,10
Philippines,9
United Arab Emirates,9
Tunisia,8
Estonia,8
Cyprus,8
North Macedonia,7
Montenegro,7
South Africa,6
Albania,6
Morocco,6
Latvia,5
Moldova,5
New Zealand,5
Bosnia and Herzegovina,5
Saudi Arabia,4
Chile,4
Kosovo,4
Kazakhstan,4
Honduras,4
Indonesia,4
Singapore,4
South Korea,4
Peru,3
China,3
Azerbaijan,3
Iceland,3
Algeria,3
Pakistan,3
Mongolia,3
Ghana,3
Benin,3
Uzbekistan,3
Jordan,2
Tanzania,2
Malaysia,2
Nepal,2
Trinidad and Tobago,2
Iraq,2
Côte d'Ivoire,2
Bangladesh,2
Costa Rica,2
Mauritius,1
Andorra,1
Ecuador,1
Armenia,1
Isle of Man,1
Tajikistan,1
Maldives,1
Kenya,1
Kyrgyzstan,1
Lebanon,1
Bolivia,1
Uruguay,1
Senegal,1
Cabo Verde,1
Puerto Rico,1
Panama,1
Cambodia,1
Sri Lanka,1
Libya,1
Venezuela,1
