name,unique_exits,total_exits,exit_rate
/,8735,10790,30.0
/mesto-bratislava/dane-a-poplatky/dan-z-nehnutelnosti,2695,2946,67.0
/mesto-bratislava/sprava-mesta/magistrat/organizacna-struktura-a-kontakty,2383,2654,46.0
/uradne-a-navstevne-hodiny,1485,1608,38.0
/mesto-bratislava/dane-a-poplatky/poplatok-za-komunalne-odpady-a-drobne-stavebne-odpady,1295,1390,61.0
/zivotne-prostredie-a-vystavba/rozvoj-mesta/uzemnoplanovacie-dokumenty/platna-uzemnoplanovacia-dokumentacia/uzemny-plan-mesta-a-jeho-zmeny-a-doplnky,1182,1320,44.0
/mesto-bratislava/sprava-mesta/magistrat,1147,1265,20.0
/socialne-sluzby-a-byvanie/byvanie-a-ubytovanie/najomne-byvanie/najomne-byty-mesta,897,1009,50.0
/mesto-bratislava/sprava-mesta/volene-organy/zastupitelstvo,874,945,55.0
/mesto-bratislava/dane-a-poplatky,763,788,26.0
/mesto-bratislava/sprava-mesta/mestske-casti,687,717,71.0
/братислава-для-украiни/центр-допомоги-боттова,635,676,64.0
/doprava-a-mapy/doprava/dopravne-povolenia,614,706,48.0
/kultura-a-komunity/podujatia/mestske-podujatia,572,586,74.0
/vyhladavanie,553,566,16.0
/mesto-bratislava/sprava-mesta/vizualna-identita/symboly-mesta,552,582,77.0
/blog/prve-udaje-zo-scitania-obyvatelov-bratislavy-vykazuju-zasadny-rozdiel-medzi-evidenciou-obce-a-vysledkom-statistov,519,531,90.0
/socialne-sluzby-a-byvanie/socialne-zariadenia/zariadenia-pre-seniorov-zariadenia-opatrovatelskej-sluzby-a-denny-stacionar,517,541,65.0
/bratislava-pre-ukrajinu/asistencne-centrum-bottova,490,529,61.0
/mesto-bratislava/transparentne-mesto/uradna-tabula,476,624,45.0
/kultura-a-komunity/podujatia,456,466,64.0
/zivotne-prostredie-a-vystavba/zivotne-prostredie/odpady/triedeny-zber,447,472,57.0
/blog/danove-priznanie-k-dani-z-nehnutelnosti-je-potrebne-podat-do-konca-januara,427,436,83.0
/doprava-a-mapy/parkovanie/system-regulovaneho-parkovania-paas,425,454,65.0
/mesto-bratislava/sprava-mesta/volene-organy/primator,420,440,38.0
/mesto-bratislava/transparentne-mesto/rozpocet-a-hospodarenie,403,436,56.0
/mesto-bratislava/dane-a-poplatky/dan-za-ubytovanie,361,396,70.0
/vzdelavanie-a-volny-cas/skolstvo/mapa-skolskych-obvodov/zakladne-skoly,354,374,45.0
/zivotne-prostredie-a-vystavba/rozvoj-mesta/platna-uzemnoplanovacia-dokumentacia/uzemny-plan-mesta-a-jeho-zmeny-a-doplnky/zmeny-a-doplnky-07,342,372,47.0
/zivotne-prostredie-a-vystavba/zivotne-prostredie/odpady,336,352,24.0
/братислава-для-украiни,333,344,42.0
/vzdelavanie-a-volny-cas/skolstvo/mapa-skolskych-obvodov,332,341,29.0
/socialne-sluzby-a-byvanie/financna-podpora/dotacny-program-v-socialnej-oblasti-bratislava-pre-vsetkych,331,385,57.0
/socialne-sluzby-a-byvanie/aktivity-v-socialnej-oblasti/nocna-pomoc,324,343,66.0
/zivotne-prostredie-a-vystavba/zivotne-prostredie/odpady/zmesovy-odpad,321,333,59.0
/zivotne-prostredie-a-vystavba/rozvoj-mesta/usmernovanie-vystavby/zavazne-stanovisko-k-investicnej-cinnosti,305,355,57.0
/zivotne-prostredie-a-vystavba/verejne-osvetlenie,301,315,52.0
/mesto-bratislava/dane-a-poplatky/dan-z-nehnutelnosti/digitalna-platba,286,336,52.0
/mesto-bratislava/sprava-mesta/legislativa-mesta/vseobecne-zavazne-nariadenia,275,292,46.0
/mesto-bratislava/sprava-mesta/organizacie-mesta/obchodne-spolocnosti-mesta/metro,273,318,59.0
/bratislava-pre-ukrajinu,259,271,33.0
/en,246,255,38.0
/doprava-a-mapy/sprava-a-udrzba-komunikacii/rozkopavky-a-uzavery,239,247,52.0
/kultura-a-komunity/kulturne-sluzby/nadacia-mesta-bratislavy,236,254,60.0
/vzdelavanie-a-volny-cas/skolstvo/zakladne-umelecke-skoly,231,236,58.0
/doprava-a-mapy/parkovanie/odtah-vozidiel,222,243,74.0
/doprava-a-mapy/doprava/dopravne-projekty/nova-elektrickova-trat-pribinova-kosicka,221,228,73.0
/zivotne-prostredie-a-vystavba/zivotne-prostredie/ochrana-prirody-a-krajiny,220,231,58.0
/doprava-a-mapy/sprava-a-udrzba-komunikacii,217,234,30.0
/zivotne-prostredie-a-vystavba/zivotne-prostredie/ochrana-ovzdusia/povolenie-vykurovania,213,224,68.0
/socialne-sluzby-a-byvanie/byvanie-a-ubytovanie/noclaharen-a-utulok-pre-ludi-bez-domova,212,230,66.0
/mesto-bratislava/transparentne-mesto/vyberove-konania,187,188,37.0
/rychle-zasahy,184,197,70.0
/doprava-a-mapy/mapy/technicka-mapa-mesta,182,203,47.0
/socialne-sluzby-a-byvanie/byvanie-a-ubytovanie/najomne-byvanie,179,185,8.0
/blog/paas-prichadza-aj-do-centra-mesta-rozsiruje-sa-o-zonu-hlavna-stanica-blumental,178,189,78.0
/socialne-sluzby-a-byvanie/socialne-sluzby/domaca-opatrovatelska-sluzba,174,179,69.0
/mesto-bratislava/archiv-mesta-bratislavy,171,188,28.0
/mesto-bratislava/transparentne-mesto/aktuality,168,172,24.0
/socialne-sluzby-a-byvanie/aktivity-v-socialnej-oblasti/proseniorske-organizacie-a-aktivne-starnutie,168,171,62.0
/socialne-sluzby-a-byvanie/byvanie-a-ubytovanie/mestske-ubytovne,157,164,53.0
/blog/bratislava-ma-novy-geoportal-data-o-meste-spristupnuje-na-prehladnych-mapach-ci-vizualizaciach,156,165,68.0
/mesto-bratislava/transparentne-mesto/zmluvy-faktury-objednavky,156,164,49.0
/mesto-bratislava/sprava-mesta,154,157,6.0
/zivotne-prostredie-a-vystavba/rozvoj-mesta/uzemnoplanovacie-dokumenty/podnet-na-zmenu-uzemnoplanovacej-dokumentacie,153,170,81.0
/doprava-a-mapy/parkovanie,152,154,22.0
/zivotne-prostredie-a-vystavba/zivotne-prostredie/odpady/triedeny-zber/zber-a-odvoz-vytriedeneho-odpadu-z-rodinnych-domov,150,154,49.0
/zivotne-prostredie-a-vystavba/rozvoj-mesta/usmernovanie-vystavby/uzemnoplanovacia-informacia,146,150,56.0
/zivotne-prostredie-a-vystavba/zelen/udrzba-a-tvorba-zelene/parky-a-zahrady/kochova-zahrada,145,153,69.0
/blog/spustame-registracie-do-systemu-regulovaneho-parkovania-paas,135,142,95.0
/vzdelavanie-a-volny-cas/skolstvo/centra-volneho-casu,134,136,44.0
/mesto-bratislava/sprava-mesta/organizacie-mesta/obchodne-spolocnosti-mesta/bratislavska-vodarenska-spolocnost,134,137,73.0
/blog/bratislava-ma-svoje-prve-centrum-opaetovneho-pouzitia-veci-kolo,134,144,91.0
/blog/bratislavsky-parkovaci-asistent-paas,133,136,77.0
/socialne-sluzby-a-byvanie/byvanie-a-ubytovanie/najomne-byvanie/dom-pre-starsich-obcanov,132,153,43.0
/mesto-bratislava/transparentne-mesto/majetok-mesta/prenajom-priestorov,132,139,45.0
/mesto-bratislava/transparentne-mesto/majetok-mesta/zaujatie-verejneho-priestranstva,132,135,52.0
/kultura-a-komunity/koncepcia-kultury/oddelenie-kultury,131,147,51.0
/mesto-bratislava/dane-a-poplatky/dan-za-uzivanie-verejneho-priestranstva,129,134,48.0
/blog/bratislava-rozsiruje-siet-zachytnych-parkovisk,128,130,89.0
/vzdelavanie-a-volny-cas/dotacie,127,129,17.0
/vzdelavanie-a-volny-cas/dotacie/podprogram-1,127,136,30.0
/doprava-a-mapy/mapy,124,132,33.0
/mesto-bratislava/transparentne-mesto/majetok-mesta,121,131,17.0
/zivotne-prostredie-a-vystavba/zivotne-prostredie/odpady/kontajnerove-stanovistia,120,137,58.0
/doprava-a-mapy/doprava,119,126,17.0
/blog/danove-priznanie-k-dani-z-nehnutelnosti-mozno-podavat-do-konca-januara-aj-osobne,118,120,76.0
/doprava-a-mapy/parkovanie/mikrozona-stare-mesto,114,117,52.0
/zivotne-prostredie-a-vystavba/rozvoj-mesta/usmernovanie-vystavby,110,122,17.0
/mesto-bratislava/transparentne-mesto/verejne-obstaravanie,107,111,46.0
/vzdelavanie-a-volny-cas/dotacie/podprogram-4,107,119,45.0
/zivotne-prostredie-a-vystavba/rozvoj-mesta/uzemnoplanovacie-dokumenty/prerokovane-uzemnoplanovacie-podklady/urbanisticke-studie,106,114,58.0
/zivotne-prostredie-a-vystavba/zivotne-prostredie/odpady/nelegalne-skladky,106,119,76.0
/socialne-sluzby-a-byvanie/byvanie-a-ubytovanie/najomne-byvanie/dom-mladej-rodiny,102,113,37.0
/zivotne-prostredie-a-vystavba/zelen/udrzba-a-tvorba-zelene/stromy-v-meste/invazne-dreviny,102,105,80.0
/vzdelavanie-a-volny-cas/skolstvo/mapa-skolskych-obvodov/materske-skoly,102,111,45.0
/socialne-sluzby-a-byvanie/socialne-sluzby/komunikacia-bez-barier,101,115,77.0
/mesto-bratislava/sprava-mesta/organizacie-mesta/prispevkove-organizacie/marianum---pohrebnictvo-mesta-bratislavy,100,105,67.0
/informacie-a-odporucania-k-ochoreniu-covid-19,98,98,82.0
/blog/od-27-februara-sa-v-bratislave-zacina-s-odvozom-kuchynskeho-bioodpadu-dvakrat-za-tyzden,97,100,51.0
