name,visitors,pageviews,bounce_rate,time_on_page
/,13850,34837,53,319.0
/mesto-bratislava/sprava-mesta/magistrat,3615,6229,27,61.0
/mesto-bratislava/sprava-mesta/magistrat/organizacna-struktura-a-kontakty,3396,5746,60,224.0
/mesto-bratislava/dane-a-poplatky/dan-z-nehnutelnosti,3142,4388,78,366.0
/uradne-a-navstevne-hodiny,3017,4193,66,111.0
/vyhladavanie,2100,3373,48,60.0
/mesto-bratislava/dane-a-poplatky,1924,3030,38,58.0
/zivotne-prostredie-a-vystavba/rozvoj-mesta/uzemnoplanovacie-dokumenty/platna-uzemnoplanovacia-dokumentacia/uzemny-plan-mesta-a-jeho-zmeny-a-doplnky,1716,2962,56,187.0
/mesto-bratislava/dane-a-poplatky/poplatok-za-komunalne-odpady-a-drobne-stavebne-odpady,1577,2251,72,322.0
/mesto-bratislava/sprava-mesta,1390,2540,43,21.0
/socialne-sluzby-a-byvanie/byvanie-a-ubytovanie/najomne-byvanie/najomne-byty-mesta,1223,1992,63,214.0
/mesto-bratislava/sprava-mesta/volene-organy/zastupitelstvo,1153,1712,78,314.0
/mesto-bratislava/sprava-mesta/mestske-casti,825,997,84,202.0
/doprava-a-mapy/doprava/dopravne-povolenia,783,1458,71,368.0
/братислава-для-украiни/центр-допомоги-боттова,768,1046,73,243.0
/zivotne-prostredie-a-vystavba/zivotne-prostredie/odpady,766,1429,46,70.0
/mesto-bratislava/transparentne-mesto,756,1559,40,21.0
/mesto-bratislava/transparentne-mesto/uradna-tabula,747,1363,73,295.0
/mesto-bratislava/sprava-mesta/volene-organy/primator,738,1132,67,85.0
/kultura-a-komunity/podujatia/mestske-podujatia,685,790,84,193.0
/socialne-sluzby-a-byvanie/byvanie-a-ubytovanie/najomne-byvanie,671,2133,13,22.0
/mesto-bratislava/sprava-mesta/volene-organy,633,1061,28,9.0
/bratislava-pre-ukrajinu/asistencne-centrum-bottova,627,859,72,174.0
/vzdelavanie-a-volny-cas/skolstvo/mapa-skolskych-obvodov,626,1152,20,42.0
/socialne-sluzby-a-byvanie/socialne-zariadenia/zariadenia-pre-seniorov-zariadenia-opatrovatelskej-sluzby-a-denny-stacionar,620,832,79,503.0
/zivotne-prostredie-a-vystavba/zivotne-prostredie/odpady/triedeny-zber,595,826,81,184.0
/mesto-bratislava/sprava-mesta/vizualna-identita/symboly-mesta,590,748,83,766.0
/doprava-a-mapy/parkovanie/system-regulovaneho-parkovania-paas,578,696,84,195.0
/vzdelavanie-a-volny-cas/skolstvo/mapa-skolskych-obvodov/zakladne-skoly,578,819,71,188.0
/zivotne-prostredie-a-vystavba/rozvoj-mesta/platna-uzemnoplanovacia-dokumentacia/uzemny-plan-mesta-a-jeho-zmeny-a-doplnky/zmeny-a-doplnky-07,556,783,65,245.0
/kultura-a-komunity/podujatia,553,723,77,136.0
/blog/prve-udaje-zo-scitania-obyvatelov-bratislavy-vykazuju-zasadny-rozdiel-medzi-evidenciou-obce-a-vysledkom-statistov,542,587,92,790.0
/mesto-bratislava/transparentne-mesto/rozpocet-a-hospodarenie,516,769,77,291.0
/mesto-bratislava/sprava-mesta/organizacie-mesta,505,1125,49,21.0
/en,491,671,64,60.0
/blog/danove-priznanie-k-dani-z-nehnutelnosti-je-potrebne-podat-do-konca-januara,490,524,86,293.0
/bratislava-pre-ukrajinu,484,820,37,48.0
/братислава-для-украiни,479,805,55,51.0
/doprava-a-mapy/doprava,473,726,57,45.0
/zivotne-prostredie-a-vystavba/zivotne-prostredie/odpady/zmesovy-odpad,472,561,84,104.0
/mesto-bratislava/transparentne-mesto/aktuality,469,691,54,60.0
/doprava-a-mapy/sprava-a-udrzba-komunikacii,453,774,59,126.0
/zivotne-prostredie-a-vystavba/verejne-osvetlenie,441,605,67,105.0
/doprava-a-mapy/parkovanie,439,675,35,33.0
/mesto-bratislava/dane-a-poplatky/dan-za-ubytovanie,434,562,82,319.0
/socialne-sluzby-a-byvanie/financna-podpora/dotacny-program-v-socialnej-oblasti-bratislava-pre-vsetkych,416,672,72,449.0
/zivotne-prostredie-a-vystavba/zivotne-prostredie,406,668,25,24.0
/zivotne-prostredie-a-vystavba/rozvoj-mesta/usmernovanie-vystavby/zavazne-stanovisko-k-investicnej-cinnosti,393,619,83,351.0
/mesto-bratislava/sprava-mesta/legislativa-mesta/vseobecne-zavazne-nariadenia,390,632,61,246.0
/zivotne-prostredie-a-vystavba/rozvoj-mesta/usmernovanie-vystavby,373,685,43,72.0
/mesto-bratislava/archiv-mesta-bratislavy,369,653,37,56.0
/zivotne-prostredie-a-vystavba/rozvoj-mesta,369,616,37,33.0
/socialne-sluzby-a-byvanie/aktivity-v-socialnej-oblasti/nocna-pomoc,358,515,89,489.0
/zivotne-prostredie-a-vystavba/rozvoj-mesta/uzemnoplanovacie-dokumenty,356,706,40,23.0
/doprava-a-mapy/sprava-a-udrzba-komunikacii/rozkopavky-a-uzavery,350,472,75,70.0
/vzdelavanie-a-volny-cas/dotacie,341,741,22,43.0
/mesto-bratislava/sprava-mesta/organizacie-mesta/obchodne-spolocnosti-mesta/metro,332,536,75,474.0
/doprava-a-mapy/mapy/technicka-mapa-mesta,330,429,74,188.0
/mesto-bratislava/dane-a-poplatky/dan-z-nehnutelnosti/digitalna-platba,330,636,78,274.0
/mesto-bratislava/projekty,329,637,55,28.0
/mesto-bratislava/sprava-mesta/magistrat/riaditel-magistratu,324,384,71,59.0
/mesto-bratislava/transparentne-mesto/vyberove-konania,320,507,55,113.0
/mesto-bratislava/transparentne-mesto/majetok-mesta,315,750,28,48.0
/kultura-a-komunity/kulturne-sluzby/nadacia-mesta-bratislavy,314,420,72,141.0
/vzdelavanie-a-volny-cas/dotacie/podprogram-1,305,447,44,92.0
/zivotne-prostredie-a-vystavba/zivotne-prostredie/ochrana-prirody-a-krajiny,300,397,79,233.0
/socialne-sluzby-a-byvanie/byvanie-a-ubytovanie,293,490,13,30.0
/vzdelavanie-a-volny-cas/skolstvo/zakladne-umelecke-skoly,278,405,82,376.0
/mesto-bratislava/sprava-mesta/legislativa-mesta,275,564,45,87.0
/socialne-sluzby-a-byvanie/byvanie-a-ubytovanie/najomne-byvanie/nahradne-najomne-byvanie,268,335,75,116.0
/doprava-a-mapy/mapy,265,398,61,114.0
/doprava-a-mapy/parkovanie/odtah-vozidiel,260,326,87,238.0
/doprava-a-mapy/doprava/dopravne-projekty/nova-elektrickova-trat-pribinova-kosicka,259,312,84,329.0
/zivotne-prostredie-a-vystavba/zivotne-prostredie/odpady/triedeny-zber/zber-a-odvoz-vytriedeneho-odpadu-z-rodinnych-domov,256,311,75,120.0
/mesto-bratislava,250,451,19,33.0
/socialne-sluzby-a-byvanie/byvanie-a-ubytovanie/noclaharen-a-utulok-pre-ludi-bez-domova,250,347,80,458.0
/zivotne-prostredie-a-vystavba/rozvoj-mesta/uzemnoplanovacie-dokumenty/platna-uzemnoplanovacia-dokumentacia,248,478,27,34.0
/mesto-bratislava/transparentne-mesto/majetok-mesta/prenajom-priestorov,246,305,78,85.0
/zivotne-prostredie-a-vystavba/zivotne-prostredie/ochrana-ovzdusia/povolenie-vykurovania,241,325,82,309.0
/socialne-sluzby-a-byvanie/byvanie-a-ubytovanie/najomne-byvanie/dom-pre-starsich-obcanov,234,350,71,234.0
/zivotne-prostredie-a-vystavba/rozvoj-mesta/uzemnoplanovacie-dokumenty/platna-uzemnoplanovacia-dokumentacia/uzemne-plany-zon,231,347,43,113.0
/vzdelavanie-a-volny-cas/skolstvo/centra-volneho-casu,221,308,64,54.0
/blog/bratislava-podpisala-zmluvu-o-nenavratnom-financnom-prispevku-na-petrzalsku-elektricku,220,255,72,93.0
/socialne-sluzby-a-byvanie/byvanie-a-ubytovanie/mestske-ubytovne,220,309,69,250.0
/socialne-sluzby-a-byvanie/byvanie-a-ubytovanie/najomne-byvanie/dom-mladej-rodiny,218,301,72,132.0
/mesto-bratislava/transparentne-mesto/zmluvy-faktury-objednavky,217,332,78,252.0
/rychle-zasahy,217,281,84,389.0
/vzdelavanie-a-volny-cas/dotacie/podprogram-2,216,280,45,63.0
/mesto-bratislava/dane-a-poplatky/dan-za-uzivanie-verejneho-priestranstva,211,275,78,172.0
/socialne-sluzby-a-byvanie/socialne-sluzby/domaca-opatrovatelska-sluzba,211,259,85,284.0
/zivotne-prostredie-a-vystavba/rozvoj-mesta/usmernovanie-vystavby/uzemnoplanovacia-informacia,211,264,77,161.0
/kultura-a-komunity/koncepcia-kultury/oddelenie-kultury,210,287,76,121.0
/mesto-bratislava/sprava-mesta/volene-organy/primator/namestnici-primatora,206,264,72,155.0
/mesto-bratislava/transparentne-mesto/majetok-mesta/zaujatie-verejneho-priestranstva,206,258,78,195.0
/zivotne-prostredie-a-vystavba/zelen/udrzba-a-tvorba-zelene,206,391,45,46.0
/vzdelavanie-a-volny-cas/dotacie/podprogram-4,205,262,70,110.0
/doprava-a-mapy/parkovanie/mikrozona-stare-mesto,200,222,88,77.0
/mesto-bratislava/sprava-mesta/organizacie-mesta/prispevkove-organizacie,197,372,52,69.0
/socialne-sluzby-a-byvanie/aktivity-v-socialnej-oblasti/proseniorske-organizacie-a-aktivne-starnutie,196,275,71,266.0
/blog/z-marcoveho-zasadnutia-mestskeho-zastupitelstva-hlavneho-mesta-sr-bratislavy,194,281,81,136.0
