name,visitors
Bratislavský kraj,29763
Trnavský kraj,3761
Nitriansky kraj,2984
Žilinský kraj,2085
Banskobystrický kraj,2024
Trenčiansky kraj,1606
Prešovský kraj,1471
Košický kraj,1249
Prague,542
Vienna,396
England,178
South Moravia,173
Budapest,112
Moravia-Silesia,101
Kyiv,99
Île-de-France,87
Győr-Moson-Sopron,87
Hesse,81
Bavaria,75
Central Bohemia,59
North Rhine-Westphalia,58
Mazovia,57
Olomouc,53
Hradec Králové,52
Virginia,47
Zlín,45
North Holland,44
Lower Austria,43
Burgenland,43
Lombardy,42
Leinster,42
Zürich,40
Nyland,39
Berlin,37
South Holland,34
Baden-Württemberg,34
California,33
South Bohemia,31
Zakarpatska oblast,30
New York,30
Dnipropetrovska oblast,29
Ljubljana,29
Brussels-Capital Region,29
Pardubice,27
Flemish Region,25
Ústí nad Labem,25
Plzeň,25
Upper Austria,25
Zagreb City,23
Vysočina,23
Attica,22
Silesia,21
București,21
Stockholms län,19
Rivers,19
İstanbul,18
Salzburg,17
Illinois,17
Texas,17
Iowa,17
Moskva,16
Lesser Poland,16
Beograd,16
Oregon,16
Karlovy Vary,15
Lower Saxony,15
New South Wales,15
Norrbottens län,15
Florida,14
Odeska oblast,14
Lisboa,14
Ontario,13
Capital Region of Denmark,13
Scotland,13
Catalonia,13
Styria,13
Tuscany,13
Community of Madrid,13
Hamburg,12
Lazio,12
Pest,12
Quebec,11
Pomerania,11
Tyrol,11
Sofia (stolitsa),11
Sankt-Peterburg,10
Emilia-Romagna,10
Nouvelle-Aquitaine,10
Liberec,10
Groningen,10
Campania,10
Vilnius County,10
North Brabant,10
Vaud,10
Poltavska oblast,9
Luxembourg,9
Kyivska oblast,9
Lower Silesia,9
Saxony,9
Cairo,9
Greater Poland,9
Västra Götalands län,9
Pennsylvania,8
Hauts-de-France,8
Buenos Aires,8
Lagos,8
Veneto,8
Piedmont,8
Oslo,8
Andalusia,8
Utrecht,8
Valencian Community,8
Tbilisi,8
Walloon Region,8
Indiana,8
Dubayy,8
Leningradskaja oblast',7
Nevada,7
Genève,7
New Jersey,7
Békés,7
Bern,7
Washington,7
Kaunas County,6
Harjumaa,6
Tel Aviv,6
Iași,6
Distrito Capital de Bogotá,6
City of Minsk,6
Vinnytska oblast,6
Georgia,6
Krung Thep Maha Nakhon,6
Podgorica,6
Łódź,6
Skåne län,6
Schleswig-Holstein,6
Vorarlberg,6
Thuringia,6
Porto,5
Hà Nội,5
Komárom-Esztergom,5
Limburg,5
Auvergne-Rhône-Alpes,5
Rīga,5
District of Columbia,5
Basque Country,5
South Carolina,5
Sankt Gallen,5
Massachusetts,5
Lvivska oblast,5
Vojvodina,5
Brandenburg,5
Wan Chai Hong Kong Island,5
Fejér,5
Aargau,5
Telangāna,5
Provence-Alpes-Côte-d’Azur,5
Gelderland,5
Vitebsk Region,4
Viken,4
Sumska oblast,4
Paphos,4
British Columbia,4
Ciudad de México,4
Central and Western Hong Kong Island,4
Kirovohradska oblast,4
Utah,4
Central Macedonia,4
Vestfold og Telemark,4
Tamil Nādu,4
Apulia,4
Birkaland,4
Rio de Janeiro,4
Mecklenburg-Western Pomerania,4
Cluj,4
Overijssel,4
Rhineland-Palatinate,4
Ciudad Autónoma de Buenos Aires,4
Tiranë,4
Plovdiv,4
Federation of Bosnia and Herzegovina,4
Aveiro,4
Schwyz,4
Bourgogne-Franche-Comté,4
Rājasthān,4
Northern Ireland,4
Luzern,4
New Taipei,4
North Carolina,4
New Mexico,4
Galicia,4
Rio Grande do Sul,4
Región Metropolitana de Santiago,3
Sliema,3
Taichung,3
Karnātaka,3
Bács-Kiskun,3
Mykolaivska oblast,3
Kanagawa,3
Flevoland,3
Constanța,3
Vas,3
Lima hatun llaqta,3
Sicilia,3
Taipei,3
Kwazulu-Natal,3
West Bengal,3
Giza,3
Chișinău,3
Central Denmark Region,3
"Tatarstan, Respublika",3
Muğla,3
Saarland,3
Alberta,3
Fukuoka,3
Maryland,3
Antalya,3
Split-Dalmatia,3
Delhi,3
Carinthia,3
Saxony-Anhalt,3
Michigan,3
Çanakkale,3
Auckland,3
Kuyavia-Pomerania,3
São Paulo,3
Msida,3
Jakarta Raya,3
Córdoba,3
Region Zealand,3
Ulaanbaatar,3
Drenthe,3
New Hampshire,3
Hajdú-Bihar,3
Greater Accra,3
Thurgau,3
Toshkent,3
Ivano-Frankivska oblast,3
Sofia,3
Makkah al Mukarramah,2
Al ‘A̅şimah,2
Minnesota,2
Jerusalem,2
Calabarzon,2
Saitama,2
Minas Gerais,2
Wisconsin,2
Arizona,2
Novosibirskaja oblast',2
Australian Capital Territory,2
Rivnenska oblast,2
Uppsala län,2
Velenje,2
Canary Islands,2
Suceava,2
Vâlcea,2
Valle del Cauca,2
Central,2
Wilayah Persekutuan Kuala Lumpur,2
Södermanlands län,2
Neamț,2
Bakı,2
Oklahoma,2
Klaipėda County,2
Tokyo,2
Victoria,2
Uttar Pradesh,2
Hải Phòng,2
KZ-75,2
Gżira,2
Prahova,2
Canterbury,2
Heves,2
Ticino,2
Podunavski okrug,2
Csongrád,2
Lublin,2
Souss-Massa,2
Argeș,2
Occitanie,2
Holy Cross,2
Calabria,2
Eastern Macedonia and Thrace,2
Western Visayas,2
Munster,2
Missouri,2
Imereti,2
Pčinjski okrug,2
National Capital Region,2
Östergötlands län,2
Nizhegorodskaya oblast',2
Saint John,2
Thessaly,2
Lubusz,2
Västerbottens län,2
Avtonomna Respublika Krym,2
Wales,2
Kaohsiung,2
Kronobergs län,2
Queensland,2
