name,visitors,bounce_rate,visit_duration
Google,33656,65,117
Direct / None,12184,58,306
Facebook,1847,84,35
Bing,1265,53,153
172.25.63.2,837,86,169
Seznam,151,58,95
DuckDuckGo,125,58,110
dnes24.sk,121,38,17
olo.sk,79,70,61
petrzalka.sk,78,52,146
Instagram,76,72,47
zszelba.edupage.org,70,68,87
banm.sk,61,58,133
bratislava.dnes24.sk,60,40,10
raca.sk,53,50,226
dubravka.sk,52,69,135
Ecosia,51,51,99
imhd.sk,46,80,48
paas.sk,44,70,78
zoznam.sk,42,70,79
Yahoo!,41,67,56
bratislava-travel.sk,40,41,89
old2.bratislava.sk,39,55,318
zahorskabystrica.sk,38,72,163
portal.bratislava.sk,36,90,59
blog.sme.sk,33,97,6
petrzalskaelektricka.sk,32,64,300
Gmail,31,68,128
bukovcana.sk,28,62,23
ebama.sk,25,96,7
mib.sk,24,50,92
ruzinov.sk,22,52,299
en.wikipedia.org,22,75,23
Yandex,20,59,72
devinskanovaves.sk,19,30,215
de.wikipedia.org,18,28,42
sk.wikipedia.org,17,41,53
biskupice.sk,17,29,22
odpady-portal.sk,17,61,131
geoportal.bratislava.sk,16,56,92
LinkedIn,16,50,76
esluzby.bratislava.sk,15,81,86
forms.office.com,15,81,94
mapy.cz,15,60,72
karlovaves.sk,15,20,412
sita.sk,14,50,116
staremesto.sk,14,88,18
herrys.sk,14,87,51
badatel.net,14,93,22
komunalnypodnikbratislavy.sk,12,77,497
mslinzbothova.edupage.org,12,58,30
odkazprestarostu.sk,10,82,7
lovcikomarov.sk,10,80,77
Seznam Mail,10,100,0
yimba.sk,10,80,1
cs.wikipedia.org,10,10,140
paneurouni.com,10,80,8
zilina.dnes24.sk,9,0,11
zelena-strecha.sk,9,100,0
en.m.wikipedia.org,9,44,144
sk.m.wikipedia.org,9,56,172
vrakuna.sk,9,70,46
zusvrbenskeho.eu,9,78,28
vodici.dpb.sk,8,62,2
inovacie.bratislava.sk,8,50,280
nadaciamestabratislavy.egrant.sk,8,50,125
misokalinak01.blog.pravda.sk,8,62,75
bratislava-rusovce.sk,7,57,62
modrykonik.sk,7,29,274
de.m.wikipedia.org,7,12,78
zivaspomienka.sk,7,86,16
survey123.arcgis.com,7,62,39
starz.sk,7,86,13
inba.sk,6,67,7
tripadvisor.co.uk,6,50,8
msp.bratislava.sk,6,50,71
intranet.bratislava.sk,6,67,283
vajnory.sk,6,50,364
mail.centrum.sk,6,100,0
cs.m.wikipedia.org,6,67,20
city-account-next.staging.bratislava.sk,6,43,269
it.wikipedia.org,5,40,343
magistratba.sharepoint.com,5,40,309
newdesign.sk,5,100,0
statics.teams.cdn.office.net,5,60,212
dpb.sk,5,80,28
santegidio.sk,5,100,0
donau.com,5,67,6
devin.sk,5,60,52
musicexport.sk,5,100,0
ba-cam-canex.sk,5,40,40
growni.sk,5,86,2
Twitter,5,100,0
integra.sk,4,100,0
cvicko.sk,4,50,24
mobil.citylife.sk,4,60,1
hu.wikipedia.org,4,25,51
bratislavavoorbeginners.nl,4,40,10
domovjesenezivota.eu,4,75,2
arven.estate,4,100,0
slovnaftbajk.sk,4,75,0
startpage.com,4,50,126
djsarchitecture.sk,4,100,0
hlukovamapa.sk,4,25,217
ja.wikipedia.org,4,25,97
olympic.sk,3,67,230
citylife.sk,3,40,154
klubgerlach.sk,3,100,0
karta.bratislava.sk,3,75,4
api-app.imhd.sk,3,100,0
teams.microsoft.com,3,100,0
es.m.wikipedia.org,3,67,33
es.wikipedia.org,3,33,80
cyklokoalicia.sk,3,100,0
marianum.sk,3,33,155
grossling.sk,3,33,4
krtkovanie-bratislava.sk,3,100,0
chem.sk,3,100,0
debata.pravda.sk,3,67,9
konto.bratislava.sk,3,100,0
zenyvmeste.sk,3,100,0
krizovecentrumba.sk,2,0,18
umapa.eu,2,100,0
sv.wikipedia.org,2,0,74
monikadebnarova.sk,2,67,8
detskejasle.org,2,50,7
telocvikari.sk,2,50,422
tsb.sk,2,50,7
vipapartments.eu,2,100,0
vsmu.sk,2,0,26
pt.wikipedia.org,2,0,16
Foursquare,2,100,0
linktr.ee,2,50,6
obchodnaulica.sk,2,50,4
mapotic.com,2,100,0
janpinka.sk,2,100,0
l.messenger.com,2,100,0
topdoktor.sk,2,100,0
ombudsman.bratislava.sk,2,50,138
el.m.wikipedia.org,2,0,28
lepsiasprava.sk,2,100,0
zuspetrzalka.sk,2,50,18
conferences-scientific.cz,2,50,18
staratrznica.sk,2,0,176
startitup.sk,2,100,0
tr.wikipedia.org,2,0,28
sr.m.wikipedia.org,2,50,140
fr.wikipedia.org,2,50,5
bratislava.egrant.sk,2,0,364
ka.m.wikipedia.org,2,50,21
slovkit.sk,2,75,8
192.168.33.2,2,50,64
it.m.wikipedia.org,2,100,0
sl.wikipedia.org,2,50,4
Google News,2,33,34
appooka.com,2,100,0
xbssportacademy.sk,2,50,2
nocnapomoc.sk,2,100,0
amcef.com,2,50,17
pretaktovanie.zoznam.sk,2,100,0
tr.m.wikipedia.org,2,50,28
nl.m.wikipedia.org,2,100,0
tik.sk,2,0,434
hr.wikipedia.org,2,100,0
bratislava.sme.sk,2,100,0
gerium.sk,1,0,9
brno.cz,1,0,248
et.wikipedia.org,1,0,63
gateway.zscaler.net,1,0,11
tichoaspol.sk,1,100,0
samosprava.transparency.sk,1,0,1523
bytovasprava.sk,1,100,0
kuchynevalent.sk,1,0,9
postbellum.sk,1,0,19
app.monitora.sk,1,0,30
klimatickyodolna.bratislava.sk,1,100,0
seclinks.cloud-security.net,1,0,464
jedensvet.sk,1,100,0
teamba.sk,1,100,0
bratislavskykraj.sk,1,100,0
newdstreda.epixtest.com,1,0,204
upwork.com,1,100,0
podnety.petrzalka.sk,1,100,0
redmine.kennersoft.de,1,50,48
spravy.pravda.sk,1,100,0
lamac.sk,1,50,6
presov.dnes24.sk,1,0,3
budpolicajt.sk,1,0,11
charitaba.sk,1,100,0
cas.sk,1,0,32
blog.trufanov.com,1,100,0
th.wikipedia.org,1,100,0
energy-cities.eu,1,0,50
amail.centrum.sk,1,0,25
internet-start.net,1,100,0
supissoch.sk,1,50,13
link.azet.sk,1,100,0
login.ourtesco.com,1,100,0
bratislava.love,1,0,241
sbdbaii.sk,1,100,0
search.seznam.sk,1,0,633
fns.uniba.sk,1,100,0
visitbratislava.com,1,100,0
susto.earth,1,0,45
mail.centrum.cz,1,100,0
app.freelo.io,1,0,554
m.nearbyme.io,1,100,0
deref-gmx.com,1,100,0
komisarprezdravotnepostihnutych.sk,1,100,0
tutorialspoint.com,1,100,0
uniba.sk,1,100,0
tripadvisor.com,1,100,0
skyscrapercity.com,1,0,348
pl.m.wikipedia.org,1,0,75
search.brave.com,1,100,0
csfit.sk,1,100,0
pactoffreecities.com,1,100,0
messenger.com,1,100,0
obchodnaulicaaokolie.sk,1,100,0
pmail.centrum.sk,1,100,0
uk.m.wikipedia.org,1,100,0
portslovakia.com,1,100,0
Skype,1,100,0
el.wikipedia.org,1,0,34
pomeste.bratislava.sk,1,100,0
ma7.sk,1,0,56
hajenka.sk,1,100,0
dennikn.sk,1,0,2
yandex.kz,1,0,38
slovakiagarant.com,1,0,148
www-restartnisa-sk.cdn.ampproject.org,1,0,576
karmasearch.org,1,100,0
euractiv.sk,1,100,0
cyklo.banm.sk,1,0,3
usc-word-edit.officeapps.live.com,1,100,0
vopz.sk,1,100,0
masters.donntu.ru,1,100,0
chartadiverzity.sk,1,100,0
sk.airbnb.com,1,100,0
mapbox.lightning.force.com,1,100,0
cunovo.eu,1,0,76
startfenster.de,1,0,1693
no.m.wikipedia.org,1,100,0
plslife.atlassian.net,1,100,0
UKR.net,1,100,0
webmail.stonecomp.sk,1,0,277
fskarpaty.sk,1,100,0
obecrovinka.sk,1,100,0
hu.m.wikipedia.org,1,0,65
freevision.co,1,0,24
ru.m.wikipedia.org,1,0,28
fw,1,0,98
horyamesto.sk,1,100,0
dtv.sk,1,100,0
batthyany.at,1,100,0
Qwant,1,0,24
ja.m.wikipedia.org,1,0,978
molettdivat.hu,1,100,0
zavodisko.sk,1,100,0
lavasoft.gosearchresults.com,1,0,33
mestskakniznica.sk,1,100,0
umeniemesta.sk,1,100,0
pretlak.com,1,100,0
buenosdiaseslovaquia.sk,1,0,85
britannica.com,1,100,0
zus-exnarova.sk,1,100,0
pt.m.wikipedia.org,1,100,0
euc-powerpoint.officeapps.live.com,1,0,108
Youtube,1,100,0
zahradnictvoblstak.sk,1,100,0
portal.mzv.sk,1,100,0
wiki.itechart-group.com,1,100,0
flowee.cz,1,0,64
tasks.office.com,1,0,88
orcabratislava.sk,1,100,0
e-obce.sk,1,0,233
gkk.sk,1,100,0
kunsthallebratislava.sk,1,0,27
app.wibo.ai,1,100,0
wetterklima.de,1,100,0
moletka-sylverro.sk,1,100,0
starlib.sk,1,100,0
rozcestnik.skpbratislava.sk,1,100,0
bratislava-city.pano3d.eu,1,100,0
naturpack.sk,1,100,0
dev.bkis.sk,1,100,0
pl.wikipedia.org,1,0,1259
newtonone.newtonmedia.eu,1,0,1540
172.16.20.30,1,0,1238
cyklodielna.sk,1,100,0
bratislava-next.staging.bratislava.sk,1,0,20
cunovo.profeee.sk,1,0,320
zastupitelstvo.bratislava.sk,1,100,0
ca.m.wikipedia.org,1,0,156
bratislava2030.sk,1,0,124
app.short.io,1,100,0
mepasys.sk,1,100,0
ta3.com,1,100,0
zusistrijska.bratislava.sk,1,100,0
nivy.com,1,0,282
